Project Name,Project Number,Project Responsible,Phase,On Hold,Foundation Type,Foundation Detail,Turbine Rating (MW),Turbine Model,Bottom Flange Dia (m),Project Size (MW),Nr of Turbines,Water Depth (m),Notes/Remarks
Vineyard Wind 1,,,4 - Under construction,No,Monopile,TP,13,GE Haliade-X,,806,,35-49,
Vineyard NE 522,,,1 - Before auction,Yes,Monopile,TP-less,,TBD,,1200,,36-38,
Excelsior Wind (544),,,1 - Before auction,Yes,Monopile,TP-less,,TBD,,1350,,2,
Nortada OWF,,,1 - Before auction,No,Floating,,,TBD,,2000,,54-190,
North Irish Sea Array (NISA),,,1 - Before auction,No,Monopile,TBD,15,TBC (Vestas V236-15MW),,700,,30-63,
Morecambe,,,1 - Before auction,No,Monopile,TBD,,TBD,,480,,70,
Pentland,,,1 - Before auction,Yes,Floating,,8.6,,,100,,20-96,
Zeevonk,,,1 - Before auction,No,Monopile,TP-less,15,Vestas V236 - TBD,,1000,,6-50,
Danish OWF Tender - Hesselø,,,2 - Tendering to contractors,No,TBD,,,,,0.8-1.2 GW,,20-45,
Danish OWF Tender - Kattegat II,,,2 - Tendering to contractors,No,TBD,,,,,1 GW,,20-45,
Danish OWF Tender - Kriegers Flak II,,,2 - Tendering to contractors,No,TBD,,,,,1 GW,,20-45,
Danish OWF Tender - North Sea 1,,,2 - Tendering to contractors,No,TBD,,,,,3 GW,,20-45,3 x 1 GW sites.
Fortuuna Livii,,,1 - Before auction,No,Monopile,TP-less - TBD,15,Vestas V236 -TBD,,1-1.5 GW,,37.7-40.6,
Ichnusa Wind Power,,,1 - Before auction,No,Floating,,,TBD,,510,,19-40,
Poseidon,,,1 - Before auction,No,Floating,,,TBD,,1000,,60-240,
Nurax,,,1 - Before auction,No,Floating,,,TBD,,462,,,
Tyrrhenian,,,1 - Before auction,No,Floating,,,TBD,,540,,100-200,
7 Sea Med,,,1 - Before auction,No,Floating,,,TBD,,255,,200-350,
La Gan Offshore Wind Farm sites,,,1 - Before auction,No,Monopile,TBD,12+,,,3.5 GW,,10-35,Foundation marked '?' in source sheet.
San Miguel Bay (Urdaneta),JOB11285,SAH,1 - Before auction,No,Monopile; Multipile,TBD,8.25,,,1000,,8.1,
Zhong Neng,,,Operational,No,Jacket,PP,9.5,Vestas V164,,300,,27-40,
ChangFang & Xidao,,,Operational,No,Jacket,PP,9.5,Vestas V164,,600,,26-46,
Fengmiao 1,,,4 - Under construction,No,Jacket,PP,15,,,500,,53-60,
Unnamed project (Excel row 29),,,,No,Jacket,TBD,,TBD,,600,,53-60,"Name missing in source sheet - same depth as Fengmiao 1, possibly Fengmiao II. Please confirm."
Jeonnam 1,,,Operational,No,Monopile,TP,10,SG 10-193DD,,96,,5-20,
Jeonnam 2,,,1 - Before auction,No,Monopile,TBD,,TBD,,400,,5-20,
Jeonnam 3,,,1 - Before auction,No,Monopile,TBD,,TBD,,400,,5-20,
Taean,,,1 - Before auction,No,Monopile,TBD,,TBD,,500,,5-20,Foundation marked '?' in source sheet.
Haesong 1,,,1 - Before auction,No,Jacket,TBD,14-15,TBD,,504,,27-31,
Haesong 3,,,1 - Before auction,No,Jacket,TBD,14-15,TBD,,504,,27-31,
Haewoori,,,1 - Before auction,No,Floating,,,TBD,,500,,120-130,
Star of the South,,,1 - Before auction,No,Monopile,TBD,,TBD,,2.2 GW,,15-53,
Kut-Wut Brataualung,,,1 - Before auction,No,Monopile,TBD,,TBD,,2.2GW,,,
South Taranaki,,,1 - Before auction,No,Monopile,TBD,,TBD,,1 GW,,50,
California North,,,1 - Before auction,No,Floating,,,TBD,,1+ GW,,750-1000,
